{
  "formatVersion": 1,
  "database": {
    "version": 1,
    "identityHash": "fd51a217a431d5a7c1f70f6ac1967baf",
    "entities": [
      {
        "tableName": "Forecast",
        "createSql": "CREATE TABLE IF NOT EXISTS `${TABLE_NAME}` (`id` INTEGER PRIMARY KEY AUTOINCREMENT NOT NULL, `cod` TEXT, `message` REAL NOT NULL, `cnt` INTEGER NOT NULL, `days` TEXT, `city_id` INTEGER, `name` TEXT, `country` TEXT)",
        "fields": [
          {
            "fieldPath": "id",
            "columnName": "id",
            "affinity": "INTEGER",
            "notNull": true
          },
          {
            "fieldPath": "cod",
            "columnName": "cod",
            "affinity": "TEXT",
            "notNull": false
          },
          {
            "fieldPath": "message",
            "columnName": "message",
            "affinity": "REAL",
            "notNull": true
          },
          {
            "fieldPath": "cnt",
            "columnName": "cnt",
            "affinity": "INTEGER",
            "notNull": true
          },
          {
            "fieldPath": "days",
            "columnName": "days",
            "affinity": "TEXT",
            "notNull": false
          },
          {
            "fieldPath": "city.id",
            "columnName": "city_id",
            "affinity": "INTEGER",
            "notNull": false
          },
          {
            "fieldPath": "city.name",
            "columnName": "name",
            "affinity": "TEXT",
            "notNull": false
          },
          {
            "fieldPath": "city.country",
            "columnName": "country",
            "affinity": "TEXT",
            "notNull": false
          }
        ],
        "primaryKey": {
          "columnNames": [
            "id"
          ],
          "autoGenerate": true
        },
        "indices": [],
        "foreignKeys": []
      }
    ],
    "setupQueries": [
      "CREATE TABLE IF NOT EXISTS room_master_table (id INTEGER PRIMARY KEY,identity_hash TEXT)",
      "INSERT OR REPLACE INTO room_master_table (id,identity_hash) VALUES(42, \"fd51a217a431d5a7c1f70f6ac1967baf\")"
    ]
  }
}